Time,
691.6776947975159
924.8608067035675
978.6278176307678
893.0330665111542
853.877210855484
852.7324979305267
876.6208045482635
987.0080761909485
635.8234260082245
665.8795185089111
