Time,
1608.963731765747
1774.826235294342
1654.5257234573364
1265.0852410793304
1364.7676162719727
1689.2952320575714
1319.167283296585
1643.1648907661438
1710.2193224430084
1687.4039783477783