Time,
663.3354778289795
663.7450339794159
664.3938527107239
664.23308634758
664.5878357887268
664.6921193599701
665.2894554138184
664.9446592330933
665.7397553920746
665.5224335193634
